id,category,question,answer,keywords,source
CERT-001,Inicio del proceso,¿Cómo se inicia una solicitud de certificación?,El proceso comienza con el registro de la solicitud y la entrega de los antecedentes técnicos y administrativos requeridos para identificar al solicitante y al producto.,inicio|solicitud|registro|certificación,Procedimiento general de certificación
CERT-002,Documentación,¿Qué documentos se deben presentar para solicitar una certificación?,Generalmente se debe presentar la identificación del solicitante, la identificación del producto, la ficha técnica, el manual de uso y los antecedentes técnicos disponibles.,documentos|requisitos|ficha técnica|manual,Guía de requisitos documentales
CERT-003,Documentación,¿Qué ocurre si la documentación está incompleta?,La solicitud queda pendiente de antecedentes hasta que el solicitante entregue la información faltante. La evaluación técnica no debe continuar mientras existan documentos obligatorios pendientes.,documentación incompleta|pendiente|antecedentes,Guía de requisitos documentales
CERT-004,Identificación del producto,¿Qué información debe incluir la identificación del producto?,Debe incluir como mínimo el nombre del producto, marca, modelo, fabricante, país de origen y características técnicas relevantes.,producto|marca|modelo|fabricante,Guía de identificación de productos
CERT-005,Revisión documental,¿En qué consiste la revisión documental?,Consiste en verificar que los antecedentes entregados sean legibles, coherentes, vigentes y suficientes para iniciar la evaluación técnica del producto.,revisión|documentos|validación|antecedentes,Procedimiento de revisión documental
CERT-006,Estados,¿Qué significa que una solicitud esté en revisión documental?,Significa que el equipo responsable está verificando la integridad y coherencia de los antecedentes antes de iniciar la evaluación técnica.,estado|revisión documental|seguimiento,Procedimiento de seguimiento de solicitudes
CERT-007,Estados,¿Cómo puedo consultar el estado de una solicitud?,El estado puede consultarse utilizando el identificador asignado a la solicitud. Los estados posibles incluyen ingresada, en revisión documental, en evaluación técnica, pendiente de antecedentes, finalizada o cerrada.,estado|consulta|seguimiento|solicitud,Procedimiento de seguimiento de solicitudes
CERT-008,Evaluación técnica,¿Qué es la evaluación técnica?,Es la etapa en la que se revisan las características del producto y su documentación para determinar los ensayos y verificaciones aplicables.,evaluación técnica|producto|verificación,Procedimiento de evaluación técnica
CERT-009,Ensayos,¿Cuándo se solicita una muestra del producto?,Se solicita una muestra cuando la evaluación requiere ensayos físicos, eléctricos, mecánicos o funcionales que no pueden realizarse únicamente con documentación.,muestra|ensayo|producto|evaluación,Procedimiento de recepción de muestras
CERT-010,Ensayos,¿Qué información debe acompañar a una muestra?,La muestra debe estar asociada a una solicitud e incluir su identificación, marca, modelo, cantidad entregada y condiciones relevantes de recepción.,muestra|recepción|marca|modelo,Procedimiento de recepción de muestras
CERT-011,Ensayos,¿Qué significa que un ensayo sea conforme?,Significa que el resultado obtenido cumple los criterios definidos en el procedimiento o requisito técnico utilizado para la evaluación.,conforme|resultado|ensayo|cumplimiento,Procedimiento de ensayos
CERT-012,Ensayos,¿Qué significa que un ensayo sea no conforme?,Significa que el resultado obtenido no cumple uno o más criterios técnicos definidos para la evaluación del producto.,no conforme|resultado|ensayo|incumplimiento,Procedimiento de ensayos
CERT-013,No conformidades,¿Qué es una no conformidad?,Es un incumplimiento detectado en la documentación, en las características del producto o en los resultados de una evaluación o ensayo.,no conformidad|incumplimiento|observación,Procedimiento de gestión de no conformidades
CERT-014,No conformidades,¿Cómo se corrige una no conformidad documental?,El solicitante debe presentar el documento corregido o los antecedentes adicionales solicitados. Luego se realiza una nueva revisión para verificar la subsanación.,corrección|documentación|subsanación|no conformidad,Procedimiento de gestión de no conformidades
CERT-015,No conformidades,¿Se puede repetir un ensayo no conforme?,La repetición puede realizarse cuando el procedimiento aplicable lo permita y exista una justificación documentada para efectuar una nueva evaluación.,repetición|ensayo|no conforme|reevaluación,Procedimiento de gestión de no conformidades
CERT-016,Plazos,¿Cuánto demora un proceso de certificación?,El plazo depende de la complejidad del producto, la calidad de los antecedentes, la disponibilidad de muestras y la necesidad de realizar ensayos o correcciones.,plazo|duración|certificación|tiempo,Guía de preguntas frecuentes
CERT-017,Plazos,¿Las solicitudes de antecedentes afectan el plazo?,Sí. Cuando faltan documentos o se requiere una corrección, el proceso puede permanecer pendiente hasta recibir la información solicitada.,plazo|antecedentes|pendiente|documentos,Guía de preguntas frecuentes
CERT-018,Resultados,¿Cuándo se emite el resultado final?,El resultado final se emite cuando la revisión documental, la evaluación técnica y los ensayos aplicables han finalizado y no existen observaciones pendientes.,resultado final|cierre|evaluación|certificación,Procedimiento de cierre del proceso
CERT-019,Resultados,¿Qué ocurre si el producto cumple los requisitos?,Se registra el resultado conforme y se continúa con la emisión del documento final definido para el proceso de certificación.,cumplimiento|conforme|resultado|documento final,Procedimiento de cierre del proceso
CERT-020,Resultados,¿Qué ocurre si el producto no cumple los requisitos?,Se informa la no conformidad y las condiciones aplicables para corregir, complementar o cerrar la evaluación según el procedimiento correspondiente.,incumplimiento|no conforme|resultado|corrección,Procedimiento de cierre del proceso
CERT-021,Trazabilidad,¿Para qué sirve el identificador de una solicitud?,Permite relacionar documentos, muestras, evaluaciones, observaciones y resultados con un proceso específico y mantener su trazabilidad.,identificador|trazabilidad|solicitud|documentos,Procedimiento de trazabilidad
CERT-022,Trazabilidad,¿Qué información debe conservarse durante el proceso?,Se deben conservar los antecedentes recibidos, registros de revisión, resultados de ensayos, observaciones, correcciones y decisiones finales.,registros|trazabilidad|evidencia|historial,Procedimiento de trazabilidad
CERT-023,Cierre,¿Cuándo se considera cerrada una solicitud?,Una solicitud se considera cerrada cuando se emite el resultado final o cuando el proceso termina formalmente por desistimiento, incumplimiento no subsanado u otra causa documentada.,cierre|solicitud|resultado|desistimiento,Procedimiento de cierre del proceso
CERT-024,Alcance,¿Las respuestas del agente reemplazan una evaluación técnica?,No. El agente entrega orientación basada en su documentación académica. Las respuestas no reemplazan evaluaciones profesionales, decisiones oficiales ni requisitos regulatorios.,agente|orientación|limitaciones|evaluación,Política de uso del agente
